id,start_timestamp,duration,start_frame_index,end_frame_index,norm_pos_x,norm_pos_y,dispersion,confidence,method,gaze_point_3d_x,gaze_point_3d_y,gaze_point_3d_z,base_data
0,111841.644752,188.79000001470558,0,9,0.5763114464635518,0.7192571040289694,0.9766297140831215,0.9804791688018367,pupil,232.79221581012365,-709.0857658457865,2488.601791032652,111841.644752 111841.64878650001 111841.652821 111841.6568555 111841.66089 111841.6649245 111841.668959 111841.6729935 111841.677028 111841.68106249999 111841.685097 111841.6891315 111841.693166 111841.6972005 111841.701235 111841.7052695 111841.709304 111841.7133385 111841.71737299999 111841.72140750001 111841.725442 111841.7294765 111841.733511 111841.7375455 111841.74158 111841.7456145 111841.749649 111841.75368349999 111841.7577185 111841.761753 111841.7657875 111841.769822 111841.7738565 111841.777891 111841.78192549999 111841.78596000001 111841.7899945 111841.794029 111841.802098 111841.80530050001 111841.809335 111841.8133695 111841.817404 111841.82143849999 111841.825473 111841.82950749999 111841.83354200001
1,111842.007026,155.03149999130983,19,29,0.4825707251738841,0.6952272153420522,0.9407974361714395,0.9640258276682414,pupil,-48.705615475712776,-209.57049851571793,832.8492723959914,111842.007026 111842.0110605 111842.01509500001 111842.0191295 111842.023164 111842.0271985 111842.03295250001 111842.036987 111842.04102149999 111842.045056 111842.04909049999 111842.053125 111842.05716 111842.0611945 111842.065229 111842.0692635 111842.073298 111842.07733249999 111842.081367 111842.0854015 111842.08943600001 111842.0934705 111842.097505 111842.1015395 111842.105574 111842.1096085 111842.113643 111842.1176775 111842.121712 111842.12574650001 111842.129781 111842.1338155 111842.13785 111842.1418845 111842.145919 111842.14995349999 111842.153988 111842.15802249999 111842.1620575
2,111842.855994,346.96850000182167,70,91,0.524146671285925,0.6536561841061672,0.8854187283144342,0.9341014107523092,pupil,4.552617916525531,-104.41192889424914,529.4073607878829,111842.855994 111842.8600285 111842.864063 111842.8680975 111842.872132 111842.8761665 111842.8802015 111842.884236 111842.8882705 111842.892305 111842.8963395 111842.900374 111842.9044085 111842.908443 111842.91247750001 111842.916512 111842.9205465 111842.924581 111842.9286155 111842.93265 111842.9366845 111842.9407185 111842.94475299999 111842.948788 111842.9528225 111842.95685650001 111842.960891 111842.96492550001 111842.96896 111842.9729945 111842.9770295 111842.98106399999 111842.98509850001 111842.989133 111842.99316750001 111842.997202 111843.0012365 111843.005271 111843.00930549999 111843.01334 111843.01737449999 111843.02140900001 111843.0254435 111843.02947800001 111843.0335125 111843.037547 111843.0415815 111843.04561599999 111843.0496505 111843.05368499999 111843.05771950001 111843.061754 111843.06578850001 111843.069823 111843.0738575 111843.077892 111843.081927 111843.08596150001 111843.089996 111843.0940305 111843.098065 111843.1020995 111843.106134 111843.1101685 111843.114203 111843.11823749999 111843.12227200001 111843.1263065 111843.130341 111843.1343755 111843.13841 111843.1424445 111843.146479 111843.1505135 111843.154548 111843.15858250001 111843.162617 111843.1666515 111843.170686 111843.1747205 111843.178755 111843.1827895 111843.18682450001 111843.190859 111843.1948935 111843.198928 111843.2029625
3,111843.279618,152.2430000040913,95,104,0.4010571424544919,0.6167095228390685,nan,0.7319150942691149,pupil,-81.47678343066039,-168.13158331340557,946.0447356671302,111843.279618 111843.2836525 111843.287687 111843.291722 111843.29575650001 111843.299791 111843.3038255 111843.30786 111843.31189449999 111843.315929 111843.31996349999 111843.323998 111843.3280325 111843.33206700001 111843.3361015 111843.343101 111843.348205 111843.35117 111843.3522395 111843.35627399999 111843.3603085 111843.367308 111843.375377 111843.376447 111843.3804815 111843.383446 111843.391516 111843.399585 111843.407654 111843.415723 111843.423792 111843.431861
4,111843.626587,153.3110000018496,116,125,0.3564264190481993,0.5301442172360099,nan,0.6112306056509452,pupil,-68.97329472801763,-25.407831962649542,476.57545638014074,111843.626587 111843.625519 111843.62255249999 111843.61745 111843.610449 111843.6064145 111843.60238 111843.598345 111843.590276 111843.5862415 111843.582207 111843.5781725 111843.574138 111843.5701035 111843.569035 111843.560966 111843.55799999999 111843.544828 111843.541862 111843.536759 111843.52869 111843.52168949999 111843.520621 111843.504483 111843.496414 111843.488344 111843.480275 111843.472206 111843.464137 111843.456068 111843.447999 111843.43993 111843.6306215 111843.6346555 111843.63868999999 111843.642725 111843.649726 111843.650794 111843.654828 111843.658863 111843.6628975 111843.66693149999 111843.673933 111843.67500049999 111843.67903500001 111843.6830695 111843.68710400001 111843.6911385 111843.695173 111843.6992075 111843.70324249999 111843.70727700001 111843.7113115 111843.71534600001 111843.7193805 111843.723415 111843.7274495 111843.73148399999 111843.7355185 111843.73955299999 111843.74358750001 111843.747622 111843.7516565 111843.755691 111843.7597255 111843.76376 111843.7677945 111843.771829 111843.77586349999 111843.77989800001
5,111844.284213,238.0364999989979,155,169,0.5044516317477945,0.5929084443330027,0.943481042952497,0.8340088369816995,pupil,-38.44163522311591,-204.326879482674,1696.7055250325518,111844.284213 111844.2882475 111844.292282 111844.2963165 111844.300351 111844.3043855 111844.30842049999 111844.312455 111844.3164895 111844.32052400001 111844.3245585 111844.328593 111844.3326275 111844.336662 111844.3406965 111844.34473049999 111844.348765 111844.35279949999 111844.356834 111844.36086849999 111844.36490300001 111844.3689375 111844.37297200001 111844.3770065 111844.381041 111844.3850755 111844.38910999999 111844.3931445 111844.39717899999 111844.40121350001 111844.405248 111844.40928250001 111844.4133175 111844.41735199999 111844.4213865 111844.42542099999 111844.42945550001 111844.43349 111844.4375245 111844.441559 111844.4455935 111844.449628 111844.4536625 111844.457697 111844.46173149999 111844.46576600001 111844.4698005 111844.473835 111844.4778695 111844.481904 111844.4859385 111844.489973 111844.4940075 111844.49804199999 111844.50207650001 111844.506111 111844.5101455 111844.51418 111844.518215 111844.5222495
6,111844.63118150001,266.27799999550916,176,191,0.5017883552679094,0.6068372614208736,0.9687905248955915,0.8283476495366751,pupil,-46.05463408591241,-234.88610911920304,1706.8759066653665,111844.63118150001 111844.62714699999 111844.6231125 111844.6190775 111844.615043 111844.6110085 111844.606974 111844.6029395 111844.59890499999 111844.5948705 111844.590836 111844.5868015 111844.582767 111844.5787325 111844.574698 111844.5706635 111844.56662900001 111844.5625945 111844.55856 111844.5545255 111844.550491 111844.5464565 111844.542422 111844.5383875 111844.534353 111844.5303185 111844.52628399999 111844.635216 111844.63925050001 111844.643285 111844.6473195 111844.651354 111844.65538849999 111844.659423 111844.66345749999 111844.66749200001 111844.6715265 111844.67556100001 111844.6795955 111844.68363 111844.6876645 111844.691699 111844.6957335 111844.69976799999 111844.70380250001 111844.707837 111844.71187150001 111844.715906 111844.71994099999 111844.7239755 111844.72800999999 111844.73204450001 111844.736079 111844.74011350001 111844.744148 111844.7481825 111844.752217 111844.75625149999 111844.760286 111844.76432049999 111844.76835500001 111844.7723895 111844.77642400001 111844.7804585 111844.784493 111844.7885275 111844.792562 111844.7965965 111844.80063099999 111844.8046655 111844.8087 111844.81273450001 111844.8167695 111844.820804 111844.8248385 111844.82887299999 111844.83290750001 111844.836942 111844.8409765 111844.845011 111844.8490455 111844.85308 111844.8571145 111844.861149 111844.8651835 111844.869218 111844.8732525 111844.877287 111844.8813215 111844.885356 111844.8893905 111844.893425 111844.8974595
7,111845.034633,346.96850000182167,200,220,0.5031421532716343,0.6055431460805641,0.8943645175378769,0.8098006458291059,pupil,-52.684677654602744,-289.53346730371334,2126.2730916707515,111845.034633 111845.038668 111845.04270250001 111845.0467365 111845.05077100001 111845.0548055 111845.05884 111845.0628745 111845.066909 111845.0709435 111845.07497799999 111845.0790125 111845.083047 111845.08708150001 111845.091116 111845.09515050001 111845.099185 111845.1032195 111845.107254 111845.11128849999 111845.115323 111845.11935749999 111845.12339200001 111845.1274265 111845.1314615 111845.135496 111845.1395305 111845.143565 111845.1475995 111845.15163400001 111845.1556685 111845.159703 111845.1637375 111845.167772 111845.1718065 111845.175841 111845.1798755 111845.18390999999 111845.1879445 111845.191979 111845.1960135 111845.200048 111845.2040825 111845.208117 111845.2121515 111845.216186 111845.2202205 111845.22425500001 111845.22829 111845.2323245 111845.236359 111845.2403935 111845.244428 111845.24846249999 111845.25249700001 111845.2565315 111845.260566 111845.2646005 111845.268635 111845.2726695 111845.276704 111845.2807385 111845.28477299999 111845.28880750001 111845.292842 111845.2968765 111845.300911 111845.3049455 111845.30898 111845.3130145 111845.317049 111845.32108349999 111845.32511800001 111845.3291525 111845.33318749999 111845.337222 111845.34125649999 111845.345291 111845.34932549999 111845.35336000001 111845.3573945 111845.36142900001 111845.3654635 111845.369498 111845.3735325 111845.37756699999 111845.3816015
8,111845.38563599999,346.96850000182167,220,241,0.49752799504651096,0.6005504476506411,0.40936590228004555,0.8389147821458696,pupil,-69.55865863968059,-268.3474993146955,2065.906939944704,111845.38563599999 111845.38967050001 111845.393705 111845.39773950001 111845.401774 111845.40580850001 111845.409843 111845.41387749999 111845.417912 111845.42194649999 111845.42598100001 111845.4300155 111845.43405000001 111845.438085 111845.44211949999 111845.446154 111845.45018849999 111845.45422300001 111845.4582575 111845.462292 111845.4663265 111845.470361 111845.4743955 111845.47843 111845.4824645 111845.48649899999 111845.49053350001 111845.494568 111845.49860250001 111845.502637 111845.5066715 111845.510706 111845.51474049999 111845.518775 111845.52280949999 111845.526844 111845.5308785 111845.53491300001 111845.5389475 111845.5429825 111845.547017 111845.5510515 111845.55508600001 111845.5591205 111845.563155 111845.5671895 111845.571224 111845.5752585 111845.579293 111845.5833275 111845.587362 111845.5913965 111845.595431 111845.5994655 111845.6035 111845.6075345 111845.611569 111845.6156035 111845.619638 111845.6236725 111845.627707 111845.6317415 111845.635776 111845.639811 111845.6438455 111845.64788 111845.65191449999 111845.655949 111845.6599835 111845.66401800001 111845.6680525 111845.672087 111845.6761215 111845.680156 111845.6841905 111845.68822499999 111845.6922595 111845.696294 111845.7003285 111845.704363 111845.7083975 111845.712432 111845.7164665 111845.720501 111845.72453549999 111845.72857 111845.7326045
9,111845.73663900001,346.96850000182167,241,262,0.4945292550890452,0.5998881953397902,0.4570600422402211,0.8340197134154791,pupil,-71.5515224406028,-240.7405299772432,1864.5814729299448,111845.73663900001 111845.740673 111845.74470750001 111845.7487425 111845.75277749999 111845.7568115 111845.76084599999 111845.7648805 111845.768915 111845.77294950001 111845.776984 111845.7810185 111845.785053 111845.7890875 111845.793122 111845.79715649999 111845.801191 111845.8052255 111845.80926000001 111845.8132945 111845.817329 111845.8213635 111845.825398 111845.8294325 111845.833467 111845.8375015 111845.84153599999 111845.84557050001 111845.8496055 111845.85364 111845.8576745 111845.861709 111845.8657435 111845.869778 111845.8738125 111845.877847 111845.8818815 111845.885916 111845.8899505 111845.893985 111845.8980195 111845.902054 111845.90608849999 111845.910123 111845.9141575 111845.918192 111845.9222265 111845.926261 111845.9302955 111845.93433 111845.9383645 111845.94239899999 111845.946434 111845.9504685 111845.954503 111845.9585375 111845.96257199999 111845.9666065 111845.97064099999 111845.97467550001 111845.97871 111845.9827445 111845.986779 111845.9908135 111845.994848 111845.9988825 111846.002917 111846.00695149999 111846.01098600001 111846.0150205 111846.01905500001 111846.0230895 111846.027124 111846.0311585 111846.03519299999 111846.0392275 111846.04326199999 111846.04729650001 111846.051331 111846.0553655 111846.0594005 111846.06343499999 111846.0674695 111846.07150399999 111846.07553850001 111846.079573 111846.08360750001
10,111846.087642,346.9679999980144,262,283,0.49369956177286684,0.6017564822388385,0.34268637991177225,0.8338041715201913,pupil,-73.15536529735739,-241.69844338625157,1838.1512599241041,111846.087642 111846.0916765 111846.095711 111846.09974549999 111846.10378 111846.10781449999 111846.11184900001 111846.1158835 111846.11991800001 111846.1239525 111846.127987 111846.1320215 111846.13605599999 111846.1400905 111846.14412499999 111846.14815950001 111846.152194 111846.156229 111846.1602635 111846.164298 111846.1683325 111846.17236699999 111846.17640150001 111846.180436 111846.1844705 111846.188505 111846.1925395 111846.196574 111846.2006085 111846.204643 111846.20867749999 111846.21271200001 111846.2167465 111846.220781 111846.2248155 111846.22885 111846.2328845 111846.236919 111846.2409535 111846.24498799999 111846.24902250001 111846.253057 111846.25709150001 111846.2611265 111846.265161 111846.2691955 111846.27323 111846.27726450001 111846.281299 111846.2853335 111846.289368 111846.2934025 111846.297437 111846.3014715 111846.305506 111846.30954049999 111846.313575 111846.3176095 111846.321644 111846.3256785 111846.329713 111846.3337475 111846.337782 111846.3418165 111846.345851 111846.3498855 111846.35392 111846.357955 111846.3619895 111846.36602399999 111846.3700585 111846.37409299999 111846.37812750001 111846.382162 111846.38619650001 111846.390231 111846.3942655 111846.3983 111846.4023345 111846.406369 111846.41040349999 111846.414438 111846.4184725 111846.42250700001 111846.426541 111846.43057550001 111846.43461
11,111846.4386445,346.968999991077,283,304,0.4926326193946778,0.6014124146052716,0.5773945892540957,0.846301606769851,pupil,-84.82528494447747,-268.37251965918387,2047.7315344243252,111846.4386445 111846.442679 111846.4467135 111846.450748 111846.45478249999 111846.458817 111846.462852 111846.4668865 111846.470921 111846.4749555 111846.47899 111846.48302449999 111846.487059 111846.4910935 111846.495128 111846.4991625 111846.503197 111846.5072315 111846.511266 111846.5153005 111846.519335 111846.5233695 111846.527404 111846.53143850001 111846.535473 111846.5395075 111846.543542 111846.5475765 111846.551611 111846.5556455 111846.55968 111846.5637145 111846.5677495 111846.571784 111846.5758185 111846.579853 111846.5838875 111846.587922 111846.5919565 111846.595991 111846.6000255 111846.60406 111846.6080945 111846.612129 111846.6161635 111846.620198 111846.6242325 111846.628267 111846.63230150001 111846.636336 111846.6403705 111846.644405 111846.6484395 111846.652474 111846.6565085 111846.660543 111846.66457749999 111846.668612 111846.672647 111846.6766815 111846.680716 111846.68475049999 111846.688785 111846.6928195 111846.69685400001 111846.7008885 111846.70492300001 111846.7089575 111846.712992 111846.7170265 111846.72106099999 111846.7250955 111846.72912999999 111846.73316450001 111846.737199 111846.74123350001 111846.745268 111846.7493025 111846.753337 111846.75737149999 111846.761406 111846.76544049999 111846.7694755 111846.77351 111846.7775445 111846.781579 111846.78561349999
12,111846.789648,346.9679999980144,304,325,0.48768341001892235,0.5986432807982003,0.2575370011855683,0.8201344385383667,pupil,-100.25157956399892,-259.40201883447224,2032.6650189989198,111846.789648 111846.79368249999 111846.79771700001 111846.8017515 111846.80578600001 111846.8098205 111846.813855 111846.8178895 111846.82192399999 111846.8259585 111846.82999299999 111846.83402750001 111846.838062 111846.84209650001 111846.846131 111846.8501655 111846.8542 111846.85823449999 111846.862269 111846.86630349999 111846.87033800001 111846.874373 111846.8784075 111846.882442 111846.8864765 111846.890511 111846.89454549999 111846.89858 111846.9026145 111846.906649 111846.9106835 111846.914718 111846.9187525 111846.922787 111846.9268215 111846.930856 111846.93489050001 111846.938925 111846.9429595 111846.946994 111846.9510285 111846.955063 111846.9590975 111846.963132 111846.96716649999 111846.97120100001 111846.9752355 111846.9792705 111846.983305 111846.9873395 111846.991374 111846.99540849999 111846.99944300001 111847.0034775 111847.007512 111847.0115465 111847.015581 111847.0196155 111847.02365 111847.0276845 111847.03171899999 111847.03575350001 111847.039788 111847.0438225 111847.047857 111847.0518915 111847.055926 111847.0599605 111847.063995 111847.06802949999 111847.072064 111847.0760985 111847.080133 111847.084168 111847.08820249999 111847.092237 111847.09627149999 111847.10030600001 111847.1043405 111847.10837500001 111847.1124095 111847.11644400001 111847.1204785 111847.12451299999 111847.1285475 111847.13258199999 111847.136616
13,111847.221341,346.96850000182167,330,350,0.5006276578518958,0.6003511237999757,0.6947233883378613,0.8041171348659645,pupil,-73.43708759508287,-335.4802360250332,2586.783334702076,111847.221341 111847.2253755 111847.22941 111847.2334445 111847.237479 111847.2415135 111847.245548 111847.2495825 111847.253617 111847.2576515 111847.261686 111847.2657205 111847.269755 111847.2737895 111847.2778245 111847.281859 111847.2858935 111847.289928 111847.2939625 111847.297997 111847.3020315 111847.306066 111847.3101005 111847.314135 111847.31816950001 111847.322204 111847.3262385 111847.330273 111847.3343075 111847.338342 111847.34237649999 111847.346411 111847.3504455 111847.35448000001 111847.3585145 111847.362549 111847.3665835 111847.370618 111847.3746525 111847.378687 111847.3827215 111847.38675599999 111847.39079100001 111847.3948255 111847.39885999999 111847.4028945 111847.40692899999 111847.4109635 111847.414998 111847.41903250001 111847.423067 111847.42710150001 111847.431136 111847.4351705 111847.439205 111847.44323949999 111847.447274 111847.45130849999 111847.45534300001 111847.4593775 111847.46341200001 111847.4674465 111847.47148099999 111847.4755155 111847.47954999999 111847.4835845 111847.4876195 111847.491654 111847.4956885 111847.499723 111847.5037575 111847.50779199999 111847.5118265 111847.51586099999 111847.51989550001 111847.52393 111847.5279645 111847.531999 111847.5360335 111847.540068 111847.5441025 111847.548137 111847.55217149999 111847.55620600001 111847.5602405 111847.56427500001 111847.5683095
14,111847.572344,346.96850000182167,351,371,0.4988962749332872,0.6013993572674288,0.11906929189753901,0.8009527390714426,pupil,-72.81676179786199,-302.2536333303309,2307.7216851746716,111847.572344 111847.5763785 111847.58041299999 111847.5844475 111847.58848199999 111847.592517 111847.5965515 111847.600586 111847.6046205 111847.608655 111847.6126895 111847.61672399999 111847.6207585 111847.624793 111847.6288275 111847.632862 111847.6368965 111847.640931 111847.6449655 111847.649 111847.65303449999 111847.657069 111847.6611035 111847.665138 111847.6691725 111847.673207 111847.6772415 111847.681276 111847.6853105 111847.6893455 111847.69338 111847.6974145 111847.701449 111847.7054835 111847.709518 111847.7135525 111847.71758699999 111847.72162150001 111847.725656 111847.72969050001 111847.733725 111847.7377595 111847.741794 111847.74582849999 111847.749863 111847.75389749999 111847.75793200001 111847.7619665 111847.766001 111847.7700355 111847.77407 111847.7781045 111847.782139 111847.7861735 111847.79020799999 111847.79424300001 111847.7982775 111847.802312 111847.8063465 111847.81038099999 111847.8144155 111847.81844999999 111847.822484 111847.82651849999 111847.83055350001 111847.834588 111847.83862200001 111847.8426565 111847.846691 111847.8507255 111847.85476 111847.8587945 111847.86282899999 111847.8668635 111847.870898 111847.8749325 111847.878967 111847.8830015 111847.887036 111847.8910705 111847.895105 111847.89914 111847.9031745 111847.907209 111847.9112435 111847.915278 111847.9193125
15,111847.923347,346.96850000182167,371,392,0.4998161590190586,0.6031925912926538,0.3096428117059965,0.8199562778184948,pupil,-75.82199888219178,-336.3525329412502,2523.4691373839305,111847.923347 111847.9273815 111847.931416 111847.9354505 111847.939485 111847.9435195 111847.947554 111847.9515885 111847.955623 111847.9596575 111847.963692 111847.9677265 111847.971761 111847.9757955 111847.97983 111847.9838645 111847.987899 111847.9919335 111847.995968 111848.0000025 111848.00403750001 111848.008072 111848.0121065 111848.016141 111848.0201755 111848.02421 111848.02824449999 111848.032279 111848.0363135 111848.04034800001 111848.0443825 111848.048417 111848.0524515 111848.056486 111848.0605205 111848.06455499999 111848.0685895 111848.072624 111848.07665850001 111848.080693 111848.0847275 111848.088762 111848.0927965 111848.096831 111848.100866 111848.10490050001 111848.108935 111848.11296950001 111848.117004 111848.12103849999 111848.125073 111848.12910749999 111848.133142 111848.1371765 111848.14121100001 111848.1452455 111848.14928000001 111848.1533145 111848.157349 111848.1613835 111848.16541799999 111848.1694525 111848.173487 111848.17752150001 111848.181556 111848.18559050001 111848.189625 111848.19365949999 111848.197694 111848.20172849999 111848.20576350001 111848.209798 111848.2138325 111848.217867 111848.2219015 111848.225936 111848.2299705 111848.234005 111848.2380395 111848.24207400001 111848.2461085 111848.250143 111848.2541775 111848.258212 111848.2622465 111848.26628099999 111848.2703155
16,111848.27434999999,346.96850000182167,392,413,0.5015880923425795,0.6040577320953708,0.31779045331022276,0.8066628332946632,pupil,-94.85711884807279,-469.31014354569646,3494.5014854721244,111848.27434999999 111848.27838450001 111848.282419 111848.2864535 111848.290488 111848.2945225 111848.298557 111848.3025915 111848.306626 111848.310661 111848.3146955 111848.31873 111848.3227645 111848.326799 111848.3308335 111848.334868 111848.3389025 111848.34293700001 111848.3469715 111848.351006 111848.3550405 111848.359075 111848.3631095 111848.367144 111848.3711785 111848.37521299999 111848.3792475 111848.383282 111848.3873165 111848.391351 111848.3953855 111848.39942 111848.4034545 111848.40748950001 111848.411524 111848.41555850001 111848.419593 111848.4236275 111848.427662 111848.43169649999 111848.435731 111848.43976549999 111848.44380000001 111848.4478345 111848.45186900001 111848.4559035 111848.459938 111848.4639725 111848.468007 111848.4720415 111848.47607599999 111848.48011050001 111848.484145 111848.48817950001 111848.492214 111848.4962485 111848.500283 111848.50431749999 111848.508352 111848.512387 111848.51642100001 111848.5204555 111848.5244905 111848.528525 111848.532559 111848.5365935 111848.54062849999 111848.54466300001 111848.54869699999 111848.5527315 111848.556766 111848.5608005 111848.564835 111848.5688695 111848.572904 111848.5769385 111848.580973 111848.5850075 111848.589042 111848.5930765 111848.59711100001 111848.6011455 111848.60518 111848.609215 111848.6132495 111848.617284 111848.6213185
17,111848.625353,346.96850000182167,413,434,0.5022756394033169,0.6040425697750096,0.38359707868955983,0.8132282955831047,pupil,-114.38557901815982,-586.5357293526451,4367.782425358604,111848.625353 111848.6293875 111848.633422 111848.6374565 111848.641491 111848.6455255 111848.64955999999 111848.6535945 111848.657629 111848.6616635 111848.665698 111848.6697325 111848.673767 111848.6778015 111848.681836 111848.6858705 111848.689905 111848.6939395 111848.69797400001 111848.7020085 111848.706043 111848.7100775 111848.714112 111848.7181465 111848.7221815 111848.72621600001 111848.7302505 111848.734285 111848.7383195 111848.742354 111848.7463885 111848.75042299999 111848.7544575 111848.758492 111848.76252650001 111848.766561 111848.77059550001 111848.77463 111848.77866449999 111848.782699 111848.78673349999 111848.790768 111848.7948025 111848.79883700001 111848.8028715 111848.806906 111848.8109405 111848.814975 111848.81901 111848.8230445 111848.82707900001 111848.8311135 111848.835148 111848.8391825 111848.843217 111848.8472515 111848.85128599999 111848.8553205 111848.859355 111848.86338950001 111848.867424 111848.87145850001 111848.875493 111848.8795275 111848.883562 111848.88759649999 111848.891631 111848.8956655 111848.89970000001 111848.9037345 111848.907769 111848.9118035 111848.915838 111848.9198725 111848.9239075 111848.92794200001 111848.9319765 111848.936011 111848.9400455 111848.94408 111848.9481145 111848.952149 111848.9561835 111848.960218 111848.9642525 111848.968287 111848.9723215
18,111848.976356,346.9679999980144,434,455,0.5023016608957319,0.6044988514363574,0.16772554578663584,0.8422773043392412,pupil,-111.82489991686589,-577.5598151867827,4282.428671075719,111848.976356 111848.9803905 111848.984425 111848.9884595 111848.992494 111848.99652849999 111849.00056300001 111849.0045975 111849.008632 111849.0126665 111849.016701 111849.020736 111849.0247705 111849.02880500001 111849.0328395 111849.036874 111849.0409085 111849.044943 111849.0489775 111849.053012 111849.0570465 111849.06108099999 111849.06511550001 111849.06915 111849.0731845 111849.077219 111849.0812535 111849.085288 111849.0893225 111849.093357 111849.09739149999 111849.10142600001 111849.1054605 111849.109495 111849.1135295 111849.117564 111849.1215985 111849.12563349999 111849.12966800001 111849.1337025 111849.13773700001 111849.1417715 111849.145806 111849.1498405 111849.15387499999 111849.1579095 111849.16194399999 111849.16597850001 111849.170013 111849.17404750001 111849.178082 111849.1821165 111849.186151 111849.19018549999 111849.19422 111849.19825449999 111849.20228900001 111849.2063235 111849.21035800001 111849.2143925 111849.218427 111849.2224615 111849.2264955 111849.2305305 111849.23456499999 111849.2385995 111849.242634 111849.2466685 111849.250703 111849.2547375 111849.258772 111849.2628065 111849.266841 111849.2708755 111849.27491000001 111849.2789445 111849.282979 111849.2870135 111849.291048 111849.2950825 111849.299117 111849.3031515 111849.307186 111849.3112205 111849.315255 111849.3192895 111849.323324
19,111849.327359,346.96850000182167,455,476,0.5012689960343168,0.6062425117606185,0.48771544062815836,0.8162020810199576,pupil,-97.11165012063135,-479.1012006126874,3495.3164329132073,111849.327359 111849.3313935 111849.33542799999 111849.33946250001 111849.343497 111849.3475315 111849.351566 111849.3556005 111849.359635 111849.3636695 111849.367704 111849.37173849999 111849.375773 111849.3798075 111849.38384200001 111849.3878765 111849.391911 111849.3959455 111849.39998 111849.4040145 111849.40804899999 111849.4120835 111849.416118 111849.4201525 111849.424187 111849.4282215 111849.4322565 111849.43629099999 111849.4403255 111849.44436 111849.44839450001 111849.452429 111849.45646350001 111849.460498 111849.46453249999 111849.468567 111849.47260149999 111849.476636 111849.4806705 111849.48470500001 111849.4887395 111849.49277400001 111849.4968085 111849.50084299999 111849.5048775 111849.50891199999 111849.5129465 111849.516981 111849.52101550001 111849.52505 111849.52908450001 111849.533119 111849.53715399999 111849.5411885 111849.545223 111849.54925750001 111849.553292 111849.5573265 111849.561361 111849.5653955 111849.56943 111849.57346449999 111849.577499 111849.5815335 111849.58556800001 111849.5896025 111849.593637 111849.5976715 111849.601706 111849.6057405 111849.60977499999 111849.6138095 111849.617844 111849.62187850001 111849.625913 111849.6299475 111849.633982 111849.6380165 111849.6420515 111849.646086 111849.6501205 111849.654155 111849.6581895 111849.662224 111849.6662585 111849.670293 111849.6743275
20,111849.746949,346.9679999980144,480,501,0.522542127902189,0.6152714865707093,0.8105522409187738,0.8059202813232446,pupil,70.25623166906661,-1537.1623764900783,10355.889720518448,111849.746949 111849.75098350001 111849.755018 111849.7590525 111849.763087 111849.7671215 111849.771156 111849.7751905 111849.779225 111849.78325949999 111849.78729400001 111849.7913285 111849.795363 111849.7993975 111849.803432 111849.8074665 111849.81150099999 111849.8155355 111849.81956999999 111849.82360450001 111849.827639 111849.8316735 111849.835708 111849.8397425 111849.8437775 111849.84781199999 111849.85184650001 111849.855881 111849.85991550001 111849.86395 111849.8679845 111849.872019 111849.87605349999 111849.880088 111849.88412249999 111849.88815700001 111849.8921915 111849.89622550001 111849.90026 111849.904295 111849.9083295 111849.9123635 111849.916398 111849.92043299999 111849.92446750001 111849.92850149999 111849.93253600001 111849.9365705 111849.9406055 111849.94464 111849.9486745 111849.952709 111849.95674349999 111849.960778 111849.9648125 111849.968847 111849.9728815 111849.976916 111849.9809505 111849.984985 111849.9890195 111849.993054 111849.99708850001 111850.001123 111850.0051575 111850.009192 111850.0132265 111850.017261 111850.0212955 111850.02533 111850.0293645 111850.033399 111850.0374335 111850.041468 111850.0455025 111850.049537 111850.053572 111850.05760649999 111850.06164100001 111850.0656755 111850.06971000001 111850.0737445 111850.077779 111850.0818135 111850.08584799999 111850.0898825 111850.09391699999
21,111850.2149525,161.3809999980731,508,517,0.5170472629195925,0.6287965164898962,0.9981314940279442,0.7606636698590872,pupil,-7.607837929110555,-1202.810802210367,7259.186741607234,111850.2149525 111850.218987 111850.2230215 111850.227056 111850.23109049999 111850.235125 111850.2391595 111850.24319400001 111850.247229 111850.2512635 111850.255298 111850.25933249999 111850.263367 111850.2674015 111850.271436 111850.2754705 111850.279505 111850.2835395 111850.287574 111850.2916085 111850.295643 111850.2996775 111850.303712 111850.30774650001 111850.311781 111850.3158155 111850.31985 111850.3238845 111850.327919 111850.33195349999 111850.335988 111850.3400225 111850.344057 111850.3480915 111850.3521265 111850.356161 111850.3601955 111850.36423 111850.3682645 111850.372299 111850.3763335
22,111850.565956,294.5189999882132,526,543,0.48121496510383516,0.6056360983833973,0.987740631729589,0.7608278193751609,pupil,-139.85839074853283,-324.18198921499055,2371.6307958924795,111850.565956 111850.5699905 111850.57402500001 111850.5780595 111850.58209400001 111850.5861285 111850.590163 111850.5941975 111850.59823199999 111850.6022665 111850.6063005 111850.610335 111850.61437 111850.61840450001 111850.6224385 111850.626473 111850.630508 111850.63454249999 111850.6385765 111850.642611 111850.6466455 111850.65068 111850.65471450001 111850.6587495 111850.662784 111850.6668185 111850.670853 111850.6748875 111850.67892199999 111850.68295650001 111850.686991 111850.6910255 111850.69506 111850.6990945 111850.703129 111850.7071635 111850.711198 111850.71523249999 111850.71926700001 111850.7233015 111850.727336 111850.7313705 111850.735405 111850.7394395 111850.743474 111850.7475085 111850.751543 111850.75557750001 111850.759612 111850.763647 111850.7676815 111850.77171599999 111850.7757505 111850.77978499999 111850.78381950001 111850.787854 111850.79188850001 111850.795923 111850.7999575 111850.803992 111850.80802649999 111850.812061 111850.81609549999 111850.82013000001 111850.8241645 111850.82819900001 111850.8322335 111850.83626800001 111850.8403025 111850.84433699999 111850.8483715 111850.85240599999 111850.8564405 111850.860475
23,111850.912924,286.45099999266677,546,563,0.4898225423607957,0.614088608071499,0.952144585762817,0.7868454839889552,pupil,-136.37537763856804,-435.49318257853076,2962.187024480051,111850.912924 111850.9088895 111850.904855 111850.9008205 111850.896786 111850.89275150001 111850.888717 111850.88468250001 111850.88064799999 111850.8766135 111850.87257899999 111850.8685445 111850.86450950001 111850.91695849999 111850.920993 111850.9250275 111850.92906200001 111850.9330965 111850.937131 111850.9411655 111850.94519999999 111850.9492345 111850.95326899999 111850.9573035 111850.961338 111850.96537250001 111850.969407 111850.973442 111850.9774765 111850.981511 111850.9855455 111850.98958 111850.9936145 111850.997649 111851.0016835 111851.005718 111851.0097525 111851.013787 111851.0178215 111851.021856 111851.0258905 111851.029925 111851.0339595 111851.037994 111851.0420285 111851.046063 111851.0500975 111851.054132 111851.0581665 111851.062201 111851.0662355 111851.0702705 111851.074305 111851.0783395 111851.082374 111851.0864085 111851.090443 111851.09447750001 111851.098512 111851.1025465 111851.106581 111851.1106155 111851.11465 111851.11868449999 111851.122719 111851.1267535 111851.130788 111851.1348225 111851.138857 111851.1428915 111851.146926 111851.1509605 111851.154995 111851.1590295 111851.163064 111851.16709900001 111851.1711335 111851.17516799999 111851.1792025 111851.18323699999 111851.1872715 111851.191306 111851.19534050001 111851.199375
24,111851.258867,153.31300000252668,567,576,0.43643921563267696,0.6535034274818744,nan,0.25229749127105267,pupil,159.65511572867987,-161.9834898767157,1344.954036558658,111851.258867 111851.250798 111851.242729 111851.23466 111851.226591 111851.21954749999 111851.215513 111851.2114785 111851.207444 111851.20340950001 111851.266936 111851.275006 111851.283075 111851.291144 111851.299213 111851.307282 111851.315351 111851.32342 111851.331489 111851.339558 111851.347627 111851.355696 111851.363765 111851.371834 111851.379904 111851.387973 111851.396042 111851.404111 111851.41218
25,111851.6108955,153.31150000565685,588,597,0.6632142754746946,0.47618073066441274,nan,0.6079543662239362,pupil,-150.34642277370423,-15.420892434074567,-268.8067707014927,111851.6108955 111851.60686100001 111851.60282649999 111851.599815 111851.598792 111851.591746 111851.5866885 111851.582654 111851.5786195 111851.57458449999 111851.57055 111851.567539 111851.562481 111851.5584465 111851.55037750001 111851.546343 111851.543332 111851.53827399999 111851.5342395 111851.5261705 111851.519125 111851.5181015 111851.514067 111851.50196349999 111851.497929 111851.49389449999 111851.4858255 111851.47878 111851.462642 111851.461618 111851.454573 111851.44951450001 111851.438435 111851.430366 111851.422297 111851.414228 111851.61493000001 111851.6189645 111851.622999 111851.6270335 111851.632091 111851.64016 111851.647206 111851.648229 111851.65124050001 111851.655275 111851.656298 111851.6593095 111851.663344 111851.6673785 111851.671413 111851.67544749999 111851.680505 111851.68755100001 111851.688574 111851.691586 111851.6956205 111851.699655 111851.7036895 111851.707724 111851.712781 111851.715793 111851.7198275 111851.723862 111851.728919 111851.731931 111851.7359655 111851.74 111851.7440345 111851.748069 111851.753126 111851.756138 111851.7601725 111851.764207
26,111851.8610355,270.3124999970896,603,619,0.7539859587001825,0.5392734559360802,1.0059731053156156,0.6903436413088025,pupil,-353.0889247595019,40.34824030014387,-869.286711754708,111851.8610355 111851.857001 111851.85296650001 111851.848932 111851.8448975 111851.84086299999 111851.8368285 111851.832794 111851.8287595 111851.824725 111851.8206905 111851.817678 111851.8126215 111851.808587 111851.8045525 111851.80154 111851.800518 111851.793471 111851.7884145 111851.7843795 111851.780345 111851.7763105 111851.772276 111851.769264 111851.96189850001 111851.965933 111851.96996749999 111851.974002 111851.97803649999 111851.982071 111851.987126 111851.99014000001 111851.994175 111851.9982095 111852.0022435 111852.006278 111852.010313 111852.0143475 111852.0183815 111852.02241599999 111852.0264505 111852.030485 111852.0345195 111852.038554 111852.0425885 111852.046623 111852.051678 111852.054692 111852.0587265 111852.06276100001 111852.0667955 111852.07083 111852.0748645 111852.078899 111852.0829335 111852.086968 111852.0910025 111852.0950375 111852.099072 111852.1031065 111852.107141 111852.1111755 111852.11520999999 111852.1192445 111852.12327899999 111852.12731350001 111852.131348
27,111852.208004,197.69149999774527,624,635,0.7496974754149455,0.5332419174579552,0.64513552594059,0.7357792571665156,pupil,-404.1025112043817,49.36353370565616,-1038.4560978541085,111852.208004 111852.2039695 111852.19993500001 111852.19589999999 111852.1918655 111852.187831 111852.1837965 111852.179762 111852.1757275 111852.17169300001 111852.1676585 111852.16362400001 111852.15958949999 111852.155555 111852.15152049999 111852.147486 111852.1434515 111852.139417 111852.13538250001 111852.2120385 111852.21607299999 111852.2201075 111852.22414199999 111852.22817650001 111852.232211 111852.23624550001 111852.24028 111852.2443145 111852.248349 111852.25238349999 111852.256418 111852.26045249999 111852.26448700001 111852.2685215 111852.27255600001 111852.2765905 111852.280625 111852.2846595 111852.28869399999 111852.2927285 111852.2967635 111852.300798 111852.3048325 111852.308867 111852.3129015 111852.316936 111852.3209705 111852.32500499999 111852.32903950001 111852.333074 111852.3371085 111852.341143 111852.3451775 111852.349212 111852.3532465 111852.357281 111852.3613155 111852.366369 111852.3693845 111852.373419 111852.3774535 111852.381488 111852.3855225 111852.389557 111852.3935915 111852.39762599999 111852.401661 111852.4056955
